id,address,email,first_name,gender,last_name,phone,picture,post_code,registered_date,username
224e0af6-56e5-4c0d-9cce-1d1c71baf6b5,"9648 Cherry St, Steilacoom, New Mexico, United States",courtney.pearson@example.com,Courtney,female,Pearson,(301) 514-4399,https://randomuser.me/api/portraits/med/women/24.jpg,14396,2019-04-12T13:01:48.550Z,purpleduck146
ab3a62dc-a195-4b6a-ba27-dd38196303af,"1354 دکتر فاطمی, ایلام, آذربایجان غربی, Iran",nznyn.khmrw@example.com,نازنین,female,کامروا,007-66752997,https://randomuser.me/api/portraits/med/women/86.jpg,59459,2007-11-26T03:53:51.885Z,sadzebra849
bd47bd15-4584-4605-8c9d-f39d43df6cd7,"617 Ranganathan St, Giridih, Telangana, India",pranit.mardhekar@example.com,Pranit,male,Mardhekar,9580362225,https://randomuser.me/api/portraits/med/men/78.jpg,70234,2010-10-13T12:34:43.216Z,blackpanda243
a0b93970-41c3-4a66-b278-66849f7197d7,"9664 Solvej, V.Skerninge, Nordjylland, Denmark",rasmus.larsen@example.com,Rasmus,male,Larsen,43597054,https://randomuser.me/api/portraits/med/men/60.jpg,15758,2014-07-03T10:39:08.266Z,purplepanda515
e8c1b598-e094-4e2c-bc3c-8d5cbe81a9ae,"2486 Park Lane, Edinburgh, Kent, United Kingdom",sam.beck@example.com,Sam,female,Beck,016977 08352,https://randomuser.me/api/portraits/med/women/92.jpg,T03 7FZ,2016-06-09T17:33:47.010Z,angrygorilla721
e0efa721-4584-4d3f-8c34-f90bbef5f778,"9018 Green Lane, Carrick-on-Shannon, Galway, Ireland",jay.cook@example.com,Jay,male,Cook,021-242-1475,https://randomuser.me/api/portraits/med/men/5.jpg,94978,2009-06-02T20:52:30.817Z,bigbear814
3d68bb66-8eb2-42c9-b861-7610fee881d2,"752 North Road, Mullingar, Fingal, Ireland",rodney.oliver@example.com,Rodney,male,Oliver,021-638-5358,https://randomuser.me/api/portraits/med/men/87.jpg,92601,2019-04-26T01:05:22.869Z,ticklishdog881
4cc5f938-e3d0-4ae9-97f5-501728d13941,"5142 2e Nieuwstraathof, Everdingen, Limburg, Netherlands",koos.langerak@example.com,Koos,male,Langerak,(0069) 950284,https://randomuser.me/api/portraits/med/men/44.jpg,4474 VF,2012-06-25T09:12:18.937Z,tinytiger360
7858f935-658a-4ed7-ac65-bf3f5b338017,"9364 Rue Paul Bert, Tschiertschen-Praden, Basel-Landschaft, Switzerland",edwin.michel@example.com,Edwin,male,Michel,078 584 28 44,https://randomuser.me/api/portraits/med/men/6.jpg,5764,2012-03-12T18:13:00.234Z,goldenbird856
b2e854d5-7e9b-4c0e-831b-520ca9ccb115,"1890 Doktorlar Cd, Yozgat, Edirne, Turkey",elif.topaloglu@example.com,Elif,female,Topaloğlu,(188)-402-3946,https://randomuser.me/api/portraits/med/women/22.jpg,36881,2016-11-19T14:50:13.486Z,heavyleopard761
54029887-780d-4389-b2bc-45d0f2e4cce3,"1124 Fuglebakken, Vipperød, Sjælland, Denmark",gustav.petersen@example.com,Gustav,male,Petersen,05513607,https://randomuser.me/api/portraits/med/men/35.jpg,26790,2004-06-13T03:10:20.588Z,tinybutterfly831
774b2c52-f9c9-4c78-b154-6eef7d6e2ecf,"1212 Dufferin St, Burlington, Alberta, Canada",arnaud.sirko@example.com,Arnaud,male,Sirko,K69 C26-9437,https://randomuser.me/api/portraits/med/men/62.jpg,R2V 7N8,2009-10-07T02:24:30.221Z,lazybutterfly381
dcfcd6f8-3b8c-4e9a-9bf5-817d88d7f2fb,"4011 Zamiskiy provulok, Buchach, Mikolayivska, Ukraine",vanda.danilishin@example.com,Vanda,female,Danilishin,(099) V57-9036,https://randomuser.me/api/portraits/med/women/0.jpg,54056,2014-12-10T22:52:24.630Z,organiczebra895
47e88adc-0868-4500-86a4-d8b9e28093cc,"3243 Prospect Rd, Sunshine Coast, Tasmania, Australia",mathew.montgomery@example.com,Mathew,male,Montgomery,06-6242-8296,https://randomuser.me/api/portraits/med/men/26.jpg,5373,2012-12-14T22:47:22.300Z,crazyladybug543
a3e13216-4b7f-447b-b337-09326b4d18ca,"3514 Im Winkel, Blaustein, Niedersachsen, Germany",dino.godde@example.com,Dino,male,Gödde,0295-9448021,https://randomuser.me/api/portraits/med/men/59.jpg,17465,2007-05-18T07:27:32.311Z,lazyleopard530
4dead6fc-4d61-4f17-acb3-7848e6618865,"6077 Rue Desaix, Thürnen, St. Gallen, Switzerland",franco.morel@example.com,Franco,male,Morel,075 258 51 82,https://randomuser.me/api/portraits/med/men/42.jpg,8400,2020-07-10T20:00:09.778Z,silverbird623
2dec82aa-2585-4618-904c-69eace5b6005,"9910 Emminkhuizerlaan, Slijkenburg, Noord-Holland, Netherlands",crissy.harders@example.com,Crissy,female,Harders,(0918) 422496,https://randomuser.me/api/portraits/med/women/64.jpg,7128 IL,2008-01-18T02:00:55.803Z,orangefish932
e7f0f226-1409-47c5-a8f8-8b29a3694162,"2719 Anafartalar Cd, Gümüşhane, Bartın, Turkey",melike.tasci@example.com,Melike,female,Taşçı,(993)-449-8011,https://randomuser.me/api/portraits/med/women/37.jpg,14780,2010-11-04T23:40:02.827Z,blackostrich737
4e985cfc-4127-418c-b0c7-fd0723c20874,"1613 Mockingbird Ln, Traralgon, Australian Capital Territory, Australia",annette.reynolds@example.com,Annette,female,Reynolds,09-3132-9780,https://randomuser.me/api/portraits/med/women/70.jpg,1423,2017-04-15T04:51:24.566Z,sadladybug794
0cbce1c5-2495-47e7-a5e9-3759f2816976,"7884 Wairere Drive, Porirua, Tasman, New Zealand",mila.jones@example.com,Mila,female,Jones,(404)-897-3885,https://randomuser.me/api/portraits/med/women/73.jpg,95049,2004-07-01T06:26:27.237Z,bigzebra919
09366faa-ab97-4ba7-9048-a5bfef6721d7,"9660 Mill Road, Waterford, Meath, Ireland",jesse.perkins@example.com,Jesse,male,Perkins,031-657-9409,https://randomuser.me/api/portraits/med/men/19.jpg,80567,2003-09-14T15:21:07.809Z,organicduck994
306c947e-d0ea-49ac-bbe6-41ba99f4da5d,"7282 Vishgorodska, Zaporizhzhya, Chernivecka, Ukraine",olena.lukomskiy@example.com,Olena,female,Lukomskiy,(099) P88-5764,https://randomuser.me/api/portraits/med/women/48.jpg,85819,2004-11-30T13:34:19.854Z,biggorilla432
108a8cb8-6e9b-45fc-98d6-4c2b9e181f52,"3882 Coaker's Walk, Bally, Manipur, India",namitha.dsouza@example.com,Namitha,female,Dsouza,7414110811,https://randomuser.me/api/portraits/med/women/79.jpg,71405,2013-07-31T11:22:56.464Z,orangetiger374
15b58662-1216-4286-bfdc-ae9499ebee3a,"7167 Rochestown Road, Loughrea, Galway City, Ireland",debra.fitzgerald@example.com,Debra,female,Fitzgerald,051-831-8887,https://randomuser.me/api/portraits/med/women/89.jpg,77134,2003-05-25T10:30:17.176Z,redduck247
87c607dd-732e-40bb-aa24-362ca14b6209,"1146 20th Ave, Glenwood, Prince Edward Island, Canada",bently.gagnon@example.com,Bently,male,Gagnon,W89 A23-8925,https://randomuser.me/api/portraits/med/men/65.jpg,G8J 8E2,2002-05-01T09:25:31.583Z,lazydog948
3d648571-aa28-4e44-b538-65e11a839ccc,"7465 Fredrikinkatu, Pälkäne, Åland, Finland",niilo.wiitala@example.com,Niilo,male,Wiitala,02-839-154,https://randomuser.me/api/portraits/med/men/31.jpg,74543,2021-03-22T11:26:22.831Z,brownfrog599
24c161cd-1f62-4a26-909d-bacfdaba20c8,"107 Buchenweg, Wesseling, Hessen, Germany",kay-uwe.wrede@example.com,Kay-Uwe,male,Wrede,0545-6415655,https://randomuser.me/api/portraits/med/men/48.jpg,19218,2003-03-06T05:22:40.353Z,purpleostrich641
1b3778db-f70d-4224-8ddd-013195a0db4a,"994 Breisjåveien, Ølen, Aust-Agder, Norway",maksymilian.homme@example.com,Maksymilian,male,Homme,34817644,https://randomuser.me/api/portraits/med/men/61.jpg,3121,2018-02-12T06:45:48.098Z,organicpanda752
2dba1265-2532-439c-a072-3257274547e8,"4861 Highfield Road, Ballina, South Dublin, Ireland",raymond.young@example.com,Raymond,male,Young,011-322-1070,https://randomuser.me/api/portraits/med/men/29.jpg,26359,2008-10-25T14:03:30.258Z,greentiger937
8a031711-b603-42af-8181-a160cd432141,"6674 Boulevard de la Duchère, Geroldswil, Neuchâtel, Switzerland",igor.morel@example.com,Igor,male,Morel,078 748 88 46,https://randomuser.me/api/portraits/med/men/10.jpg,5867,2006-11-20T04:23:09.438Z,goldenbird922
f6b88917-a02f-489f-8cae-6454391a947e,"7405 Frances Ct, Boise, Arizona, United States",manuel.reynolds@example.com,Manuel,male,Reynolds,(818) 688-9646,https://randomuser.me/api/portraits/med/men/27.jpg,44916,2008-05-24T08:25:31.486Z,blackpanda371
acd0ee56-e599-4086-97b9-98e48ecb5e98,"3356 Rue Victor-Hugo, Dürnten, Solothurn, Switzerland",lydia.rodriguez@example.com,Lydia,female,Rodriguez,075 181 72 45,https://randomuser.me/api/portraits/med/women/23.jpg,1477,2010-01-28T09:21:29.880Z,silverostrich728
b43828f8-c13b-45d8-ac49-9408fa5a4f5b,"5659 Itsenäisyydenkatu, Turku, North Karelia, Finland",eeli.ahola@example.com,Eeli,male,Ahola,05-077-426,https://randomuser.me/api/portraits/med/men/47.jpg,62078,2017-04-02T08:36:55.867Z,happymouse320
fd3e2017-53c0-41d1-b928-712c01f0f8e4,"3617 Rue Pasteur, Colombes, Ain, France",morgane.moulin@example.com,Morgane,female,Moulin,01-83-77-89-62,https://randomuser.me/api/portraits/med/women/24.jpg,94069,2002-07-24T22:46:41.166Z,bigleopard460
79348a98-232c-43c6-9fef-7268374209c9,"5078 Verkatehtaankatu, Pieksämäki, Pirkanmaa, Finland",roope.hatala@example.com,Roope,male,Hatala,02-325-977,https://randomuser.me/api/portraits/med/men/37.jpg,27717,2015-03-05T13:46:50.749Z,bigrabbit213
a7a60852-f59d-4a2b-940a-7dec4b9fbdbf,"8557 Živana Saramandića, Ćuprija, Raška, Serbia",sanja.glavas@example.com,Sanja,female,Glavaš,021-6258-672,https://randomuser.me/api/portraits/med/women/21.jpg,88737,2020-11-18T08:13:27.220Z,smalllion989
f526fd08-943e-4ab5-b5da-3ac79c0fbe22,"3280 Agertoften, Ølstykke, Syddanmark, Denmark",anna.madsen@example.com,Anna,female,Madsen,75608007,https://randomuser.me/api/portraits/med/women/6.jpg,48846,2017-09-29T08:07:07.340Z,beautifultiger821
c53b55a7-b43f-4b2f-8463-77b253e523cf,"576 Calle de Alberto Aguilera, Torrevieja, Canarias, Spain",virginia.santiago@example.com,Virginia,female,Santiago,943-722-402,https://randomuser.me/api/portraits/med/women/3.jpg,34639,2016-12-23T08:26:40.242Z,yellowmeercat739
2aad4bf5-ec4a-496d-b48c-12c98b5d6611,"1297 Bekkasinvej, Billum, Sjælland, Denmark",filippa.rasmussen@example.com,Filippa,female,Rasmussen,85554189,https://randomuser.me/api/portraits/med/women/68.jpg,90063,2021-10-21T14:15:04.349Z,orangegoose161
46431d02-f8a4-415b-88be-e07174860543,"2602 شهید ثانی, کرمان, همدان, Iran",zhr.glshn@example.com,زهرا,female,گلشن,038-28245467,https://randomuser.me/api/portraits/med/women/42.jpg,19942,2020-09-03T22:43:23.529Z,purplesnake696
24a30e38-a435-41e4-af23-9858e32d7ee2,"2671 Kushimoto Sk, Bolu, Çankırı, Turkey",yasemin.erkekli@example.com,Yasemin,female,Erkekli,(427)-121-3129,https://randomuser.me/api/portraits/med/women/32.jpg,31050,2010-04-02T01:12:15.635Z,goldenpanda938
a91a65bf-1274-4b0f-8c68-c5d47cf2eb57,"7982 Tahmelantie, Ulvila, North Karelia, Finland",kerttu.ketola@example.com,Kerttu,female,Ketola,05-417-809,https://randomuser.me/api/portraits/med/women/83.jpg,32338,2016-05-22T07:39:18.093Z,yellowgorilla119
91369321-8e8a-42b6-8249-094de88511b0,"613 Houtsdonk, Garrelsweer, Gelderland, Netherlands",ran.budel@example.com,Ran,male,Budel,(016) 7350744,https://randomuser.me/api/portraits/med/men/49.jpg,6346 EH,2005-08-19T00:40:40.257Z,sadkoala475
09cbf766-313e-4f2a-b45b-03ee954b8343,"8710 Ampliación Coahuila de Zaragoza, San Martín Cuautlalpan, Colima, Mexico",orlando.riojas@example.com,Orlando,male,Riojas,(672) 429 0335,https://randomuser.me/api/portraits/med/men/22.jpg,18489,2011-06-01T21:42:08.318Z,blackzebra739
6fde4268-8c61-4814-924d-7c3c48b4ead7,"2315 Mirza Ismail Rd, Anantapuram, Sikkim, India",praneetha.shet@example.com,Praneetha,female,Shet,9989958545,https://randomuser.me/api/portraits/med/women/15.jpg,86361,2019-12-25T17:38:39.173Z,crazygoose151
299ba6c1-b889-4721-9158-c4075d82b99d,"7193 Nørrevang, Roslev, Sjælland, Denmark",albert.moller@example.com,Albert,male,Møller,89622445,https://randomuser.me/api/portraits/med/men/60.jpg,79467,2017-07-20T04:42:27.121Z,happypanda553
a4dd4f96-db91-41d7-ab53-eb78469f4975,"382 Dronningen, Ulefoss, Troms - Romsa, Norway",kajus.lieng@example.com,Kajus,male,Lieng,86527553,https://randomuser.me/api/portraits/med/men/81.jpg,5641,2014-10-03T02:53:56.082Z,sadmouse949
b7e7fc7d-d7f2-448d-ba9b-5b2cf4023448,"5679 Concession Road 6, Winfield, Saskatchewan, Canada",dylan.claire@example.com,Dylan,male,Claire,Q56 T18-6157,https://randomuser.me/api/portraits/med/men/63.jpg,E3L 9J9,2004-01-29T20:15:14.150Z,bigmeercat370
9b19ad1f-5e9c-46db-80ba-1ee08073697d,"334 Ampliación Sur Zapata, Atil, Sinaloa, Mexico",socorro.barela@example.com,Socorro,female,Barela,(637) 623 2883,https://randomuser.me/api/portraits/med/women/15.jpg,12361,2010-05-27T22:56:31.669Z,organicbird966
f5718c9d-b864-4e24-a190-9644f2e7c2ac,"9307 Skelbækvej, Odense Sv, Nordjylland, Denmark",ida.moller@example.com,Ida,female,Møller,27175757,https://randomuser.me/api/portraits/med/women/73.jpg,17606,2009-04-05T06:09:49.689Z,orangecat323
8ae02afa-5295-4e0e-98c1-607f1278a733,"8405 Naftova, Snovsk, Donecka, Ukraine",vitaliy.golovaha@example.com,Vitaliy,male,Golovaha,(096) E62-4387,https://randomuser.me/api/portraits/med/men/18.jpg,55456,2009-01-05T23:44:02.002Z,whitedog797
fb4ad94f-d288-42d1-bbcd-f2d5ea7c77ca,"6218 Park Road, Liverpool, Norfolk, United Kingdom",benjamin.graham@example.com,Benjamin,male,Graham,017684 41645,https://randomuser.me/api/portraits/med/men/92.jpg,RG3Z 3QT,2004-11-12T15:40:15.371Z,sadfrog986
9d01653c-410f-4d40-bb72-9f30962caf29,"2319 Wellington St, Oakville, Prince Edward Island, Canada",ethan.claire@example.com,Ethan,male,Claire,A58 X22-5833,https://randomuser.me/api/portraits/med/men/31.jpg,P2L 2C2,2003-10-04T14:26:45.619Z,goldenduck376
3478af64-167d-49b5-a2ff-df905170f237,"7468 Elizabeth Street, Porirua, Canterbury, New Zealand",felix.roberts@example.com,Felix,male,Roberts,(636)-831-3655,https://randomuser.me/api/portraits/med/men/8.jpg,53612,2007-02-28T01:52:50.809Z,purplelion538
d82f54a3-5f4f-448a-84d3-361a3140ff85,"8727 Peatonal Tlaxcala, Bacobampo, Colima, Mexico",wendolin.ocasio@example.com,Wendolin,male,Ocasio,(692) 680 8232,https://randomuser.me/api/portraits/med/men/96.jpg,62696,2005-09-20T15:34:05.018Z,yellowpanda384
857992ff-2edc-4d8b-9fbf-58df39807815,"4998 Bhavani Peth, Kirari Suleman Nagar, Himachal Pradesh, India",anika.almeida@example.com,Anika,female,Almeida,7871241017,https://randomuser.me/api/portraits/med/women/86.jpg,18940,2020-07-01T00:14:28.448Z,organicbird762
bf9e9b2a-3362-4ec7-8b6b-e0fdc23940b4,"2013 Mijatovih Njiva, Mali Iđoš, Central Banat, Serbia",zeljko.jelacic@example.com,Željko,male,Jelačić,021-6026-860,https://randomuser.me/api/portraits/med/men/96.jpg,78240,2007-12-19T21:50:48.989Z,sadtiger775
a0204f12-0597-43d1-8cc6-d929b64954ef,"3526 Viaducto Tirado, Apaxco, Durango, Mexico",monica.samaniego@example.com,Mónica,female,Samaniego,(673) 564 1051,https://randomuser.me/api/portraits/med/women/55.jpg,58400,2015-04-13T05:52:40.981Z,lazyswan914
01e63417-a65a-49f6-bd26-7242cde919cd,"7311 The Green, Portarlington, Offaly, Ireland",jeff.green@example.com,Jeff,male,Green,011-872-0134,https://randomuser.me/api/portraits/med/men/54.jpg,58444,2009-08-06T14:15:31.693Z,smallladybug858
1c16cae3-5569-4b72-9c9e-557344f990b2,"7394 Peatonal Sánchez, Catazaja, Chihuahua, Mexico",angelica.quinones@example.com,Angélica,female,Quiñones,(652) 862 2359,https://randomuser.me/api/portraits/med/women/75.jpg,18481,2008-09-17T02:08:17.816Z,sadrabbit450
213a8b5c-71da-4056-b0c1-3c88400440b8,"7713 میدان آزادی, دزفول, یزد, Iran",arsyn.sdr@example.com,آرسین,male,صدر,032-54062818,https://randomuser.me/api/portraits/med/men/96.jpg,66926,2006-07-04T14:33:57.365Z,happyfish730
bc2548d3-b555-467d-9680-9aa3e5f5f0fe,"2727 Dane St, Cary, Nevada, United States",dale.chavez@example.com,Dale,male,Chavez,(833) 704-6727,https://randomuser.me/api/portraits/med/men/86.jpg,12479,2012-03-29T12:06:38.285Z,ticklishbird821
66cd1373-0831-4f94-96d0-291930f023a5,"8952 Elgin St, Lloydminster, Yukon, Canada",alexander.french@example.com,Alexander,male,French,D37 C04-3731,https://randomuser.me/api/portraits/med/men/64.jpg,X8J 3T2,2018-06-20T06:56:42.610Z,redzebra782
98304793-7318-4d0e-b076-fec062f81c44,"9409 Calle de Ángel García, Torrevieja, Galicia, Spain",dolores.sanchez@example.com,Dolores,female,Sánchez,909-416-397,https://randomuser.me/api/portraits/med/women/12.jpg,91269,2010-01-23T16:04:16.233Z,sadrabbit193
a5d42ea0-abe7-4572-b86b-14b8688247c4,"920 Ampliación Baja California, El Tephe, Guanajuato, Mexico",marco.casanova@example.com,Marco,male,Casanova,(609) 775 1675,https://randomuser.me/api/portraits/med/men/98.jpg,18903,2002-08-04T02:21:27.192Z,tinytiger339
b866b640-db6a-43d3-bacf-2f3616a6f9db,"1512 Avenida Vinícius de Morais, Itabuna, Amapá, Brazil",ivaldo.caldeira@example.com,Ivaldo,male,Caldeira,(38) 9417-0481,https://randomuser.me/api/portraits/med/men/37.jpg,77488,2018-04-01T03:18:16.108Z,happybutterfly405
62f89cfe-e627-463b-b726-5ea7aef8a0b3,"1574 Ahornweg, Sebnitz, Schleswig-Holstein, Germany",wolf-dieter.wagenknecht@example.com,Wolf-Dieter,male,Wagenknecht,0227-2520877,https://randomuser.me/api/portraits/med/men/0.jpg,71177,2019-05-12T23:15:24.982Z,organicmouse726
e22fbf73-bffd-4de2-8a73-775b91582bc0,"5515 Åsumvej, Juelsminde, Hovedstaden, Denmark",jonas.olsen@example.com,Jonas,male,Olsen,78875868,https://randomuser.me/api/portraits/med/men/86.jpg,84809,2008-02-22T09:21:43.407Z,bigcat197
956311aa-ba3a-4e4b-a3bd-b8cae59153d2,"8354 Heirstraat, Roggel, Noord-Brabant, Netherlands",lando.heijs@example.com,Lando,male,Heijs,(0917) 799868,https://randomuser.me/api/portraits/med/men/98.jpg,7851 LP,2005-01-21T00:30:04.474Z,redbird927
a22628a6-6ec6-4450-97dd-a4e6969808a5,"602 Ronda de Toledo, Málaga, Ceuta, Spain",isaac.velasco@example.com,Isaac,male,Velasco,901-902-205,https://randomuser.me/api/portraits/med/men/29.jpg,47524,2009-01-30T00:53:23.876Z,ticklishcat530
c6efa8bc-747e-4157-8673-a86b969ade77,"7109 Rua Quinze de Novembro , Olinda, Maranhão, Brazil",sulani.caldeira@example.com,Sulani,female,Caldeira,(86) 9801-4821,https://randomuser.me/api/portraits/med/women/93.jpg,49687,2013-05-07T16:16:08.348Z,bluelion647
2c0c5a5a-1ad1-48dd-83ba-378df67700b7,"4901 Worcester Street, Whangarei, Wellington, New Zealand",nathaniel.brown@example.com,Nathaniel,male,Brown,(471)-966-8044,https://randomuser.me/api/portraits/med/men/52.jpg,66289,2019-04-04T12:31:30.543Z,purplesnake363
c9568719-f0bf-46c6-8619-ef4920cabf60,"159 استاد نجات‌اللهی, اهواز, مازندران, Iran",gzl.sdr@example.com,غزل,female,صدر,078-81288444,https://randomuser.me/api/portraits/med/women/47.jpg,56330,2006-01-17T03:30:27.615Z,organiczebra417
0164918d-bfcb-4610-b2c4-2bc0cf068147,"6740 North Road, Carrigaline, Carlow, Ireland",caitlin.arnold@example.com,Caitlin,female,Arnold,071-256-7394,https://randomuser.me/api/portraits/med/women/85.jpg,93246,2015-08-06T23:39:50.720Z,heavymeercat505
a813f3b8-cb25-4ede-8d67-9aa27f61fe07,"4542 Boschplaat, Uitgeest, Drenthe, Netherlands",janey.vandergeld@example.com,Janey,female,Van der Geld,(0609) 974303,https://randomuser.me/api/portraits/med/women/31.jpg,1839 XC,2009-12-23T20:05:23.560Z,bigzebra377
b1bf0538-f97b-4694-94c6-18a7a5c9c283,"997 Anzac Drive, Blenheim, Taranaki, New Zealand",poppy.walker@example.com,Poppy,female,Walker,(485)-657-7940,https://randomuser.me/api/portraits/med/women/6.jpg,96991,2009-03-30T14:14:52.096Z,tinytiger394
165ab916-fab9-42c9-af28-46753bb39eb7,"2933 Talak Göktepe Cd, Kahramanmaraş, Bursa, Turkey",baris.avan@example.com,Barış,male,Avan,(267)-972-2107,https://randomuser.me/api/portraits/med/men/3.jpg,83798,2015-08-19T00:38:53.235Z,silverladybug437
bd4a3225-367b-463d-b7d4-c4ae4c28e19e,"476 Callejón Páez, Villa Hidalgo (El Cubo), Estado de Mexico, Mexico",nadia.ocasio@example.com,Nadia,female,Ocasio,(686) 840 0701,https://randomuser.me/api/portraits/med/women/85.jpg,79838,2012-08-28T08:58:09.001Z,sadmouse479
6155f4ae-a654-4973-8d95-0db396d32210,"217 Victoria Road, Timaru, Wellington, New Zealand",felix.edwards@example.com,Felix,male,Edwards,(956)-619-1299,https://randomuser.me/api/portraits/med/men/4.jpg,51032,2020-05-07T06:18:00.187Z,bigfrog935
c8c497b5-9905-4328-b1da-3e4e3fafcdb4,"6827 Rue Abel-Ferry, Interlaken, Vaud, Switzerland",sarina.marie@example.com,Sarina,female,Marie,077 738 29 49,https://randomuser.me/api/portraits/med/women/58.jpg,6614,2006-09-28T07:10:42.803Z,yellowbird284
72c651fe-796b-405a-91c9-ef2cab4834b7,"2235 Grafton Street, Laytown-Bettystown-Mornington, Clare, Ireland",darryl.turner@example.com,Darryl,male,Turner,021-560-8011,https://randomuser.me/api/portraits/med/men/94.jpg,43443,2022-04-14T19:28:29.167Z,bluebird982
3efade98-1fdb-4c42-9fe2-4456725b04ff,"5773 Næstvedvej, Vipperød, Sjælland, Denmark",villads.moller@example.com,Villads,male,Møller,29425937,https://randomuser.me/api/portraits/med/men/93.jpg,58414,2015-01-28T19:33:18.069Z,brownbear429
29c1c827-a750-4b8a-979b-2a111fafb669,"2439 Pakuranga Road, Auckland, Waikato, New Zealand",peyton.evans@example.com,Peyton,female,Evans,(819)-155-4312,https://randomuser.me/api/portraits/med/women/72.jpg,43953,2003-02-01T03:00:20.089Z,lazycat590
c4e11110-2db2-407e-bc48-6fccf6d0d72c,"4417 Rue du Bât-D'Argent, Uezwil, Basel-Landschaft, Switzerland",jeremy.michel@example.com,Jeremy,male,Michel,076 954 86 93,https://randomuser.me/api/portraits/med/men/71.jpg,4479,2015-03-27T07:56:39.052Z,ticklishfrog746
86049078-321e-4e12-9b89-5bd4e17bddfe,"3149 Circuito Mercado, Calderitas, Jalisco, Mexico",gabriela.delgado@example.com,Gabriela,female,Delgado,(617) 106 8368,https://randomuser.me/api/portraits/med/women/59.jpg,61949,2020-03-31T19:22:32.075Z,bigmeercat749
7b78e786-fc7a-4f53-a5e5-f7001007af9b,"1885 Goudknop, Alteveer gem de Wolden, Gelderland, Netherlands",ruth.botter@example.com,Ruth,female,Botter,(089) 8902920,https://randomuser.me/api/portraits/med/women/73.jpg,4048 SV,2009-05-13T07:44:19.044Z,purplekoala420
5674cd71-da31-4170-930b-d846650b8e1b,"7250 پارک شریعتی, خمینی‌شهر, قزوین, Iran",mhmd.sdr@example.com,محمد,male,صدر,095-76029108,https://randomuser.me/api/portraits/med/men/77.jpg,22196,2018-01-07T00:02:29.678Z,ticklishpanda898
4f64e95f-5dd5-4423-8330-65b4518072ff,"9304 Bağdat Cd, Amasya, Iğdır, Turkey",esat.pekkan@example.com,Esat,male,Pekkan,(891)-225-2370,https://randomuser.me/api/portraits/med/men/34.jpg,39537,2005-10-18T23:46:09.370Z,yellowrabbit293
b30ddfa3-0057-4ab2-8cbb-ba5c50fbf242,"6515 Ranganathan St, Hajipur, Telangana, India",chinmayee.kaur@example.com,Chinmayee,female,Kaur,7726323155,https://randomuser.me/api/portraits/med/women/42.jpg,51750,2005-03-03T23:32:58.813Z,tinypeacock179
c0b51148-5718-4a45-b7e8-b9737da1ae9b,"6132 Avenue Goerges Clémenceau, Lille, Charente-Maritime, France",jade.thomas@example.com,Jade,female,Thomas,02-11-39-07-97,https://randomuser.me/api/portraits/med/women/62.jpg,41025,2007-11-15T17:58:50.879Z,greenmeercat868
e54f48eb-24c5-4fa1-bce2-d51db0eb3722,"7378 Park Road, Lisburn, Dumfries and Galloway, United Kingdom",robert.garcia@example.com,Robert,male,Garcia,017687 63278,https://randomuser.me/api/portraits/med/men/46.jpg,IW9 2FG,2018-02-17T09:14:38.904Z,tinyelephant113
aa134cda-a089-4f41-b5ff-a49daf4b6c69,"9270 Alexander Road, Kinsealy-Drinan, Dublin City, Ireland",lisa.richardson@example.com,Lisa,female,Richardson,031-530-1785,https://randomuser.me/api/portraits/med/women/39.jpg,95514,2019-01-04T17:57:30.746Z,blackkoala194
22df29cd-c5b1-4e44-afad-4cac65b6530c,"9211 Rua Treze , São Bernardo do Campo, Roraima, Brazil",denil.darocha@example.com,Denil,male,da Rocha,(29) 1139-6877,https://randomuser.me/api/portraits/med/men/12.jpg,60369,2011-02-08T04:12:18.786Z,tinyelephant774
30781d2c-3ca7-4aa0-b0b6-4646e0ac75fa,"9081 Appelhofshoeve, Den Helder, Limburg, Netherlands",lois.mourits@example.com,Lois,female,Mourits,(035) 7882487,https://randomuser.me/api/portraits/med/women/96.jpg,1629 CE,2011-03-31T13:48:07.477Z,heavyzebra475
13a3e0a4-19be-43bf-95fd-7eec7a65280b,"9714 Rua Vinte E Dois , Tatuí, Pará, Brazil",polda.nunes@example.com,Polda,female,Nunes,(88) 1101-5941,https://randomuser.me/api/portraits/med/women/80.jpg,69155,2004-01-21T05:02:34.147Z,organicleopard272
f97554c6-ece3-48e3-b517-0d093dfd4a0e,"8473 Cackson St, Gladstone, Australian Capital Territory, Australia",stephanie.evans@example.com,Stephanie,female,Evans,06-8635-8342,https://randomuser.me/api/portraits/med/women/9.jpg,1638,2018-05-01T07:26:18.212Z,tinykoala959
2fb2d482-5201-49b3-bad6-19d6b60ebbb6,"6943 Vaysera, Yavoriv, Zaporizka, Ukraine",ostrozor.korzh@example.com,Ostrozor,male,Korzh,(067) J40-1494,https://randomuser.me/api/portraits/med/men/37.jpg,33481,2006-07-05T05:24:37.720Z,greenswan655
74e25095-6d0e-4916-9c06-f38fa037f13a,"50 White Oak Dr, Maitland, New South Wales, Australia",nicole.castillo@example.com,Nicole,female,Castillo,02-0446-1563,https://randomuser.me/api/portraits/med/women/47.jpg,8711,2019-11-21T15:47:54.558Z,organiczebra842
7913edd1-ba4d-4f25-a02d-c6afd9c1f3b7,"777 Berezanskiy provulok, Vishneve, Kiyivska, Ukraine",ivan.golovan@example.com,Ivan,male,Golovan,(066) Q67-8542,https://randomuser.me/api/portraits/med/men/74.jpg,94646,2014-05-09T03:22:39.801Z,heavydog436
a7f708fb-cd5a-48c9-8dc5-6be8cec6c3b4,"4129 Broadway, Tauranga, Otago, New Zealand",peyton.davies@example.com,Peyton,female,Davies,(038)-950-5885,https://randomuser.me/api/portraits/med/women/14.jpg,40638,2013-11-06T14:05:31.186Z,heavyrabbit548
ee783145-3afe-4f18-bf74-27d90b57044f,"6020 Slavka Subotića, Bor, North Bačka, Serbia",trifun.nenezic@example.com,Trifun,male,Nenezić,019-1228-650,https://randomuser.me/api/portraits/med/men/0.jpg,23552,2011-03-06T14:08:58.227Z,sadbear701
f866a616-9a7c-417d-9c16-a7fb0a83eb7f,"8478 Skovparken, København Sv, Sjælland, Denmark",jeppe.sorensen@example.com,Jeppe,male,Sørensen,12049216,https://randomuser.me/api/portraits/med/men/20.jpg,37930,2010-03-15T18:48:23.976Z,whitelion200
98ed66d5-f60a-45db-b14b-be6fba73af09,"3396 Calle de Toledo, Pozuelo de Alarcón, Asturias, Spain",isaac.vega@example.com,Isaac,male,Vega,933-984-655,https://randomuser.me/api/portraits/med/men/17.jpg,91519,2021-02-13T23:24:34.515Z,brownpanda189
c8a4c467-4c1b-4447-8bf7-eafb0b12be9b,"482 Lakeview Ave, Cartwright, Alberta, Canada",blake.li@example.com,Blake,male,Li,E82 M49-5701,https://randomuser.me/api/portraits/med/men/37.jpg,T6U 0N6,2013-09-30T09:35:11.007Z,beautifulgoose505
5e1891c2-dfaa-47dc-ba5a-bbc99ac90989,"7928 Fasanenweg, Aken (Elbe), Bayern, Germany",zehra.grass@example.com,Zehra,female,Graß,0142-7367006,https://randomuser.me/api/portraits/med/women/67.jpg,39692,2005-02-11T20:01:13.941Z,sadzebra551
13a16e92-8b3b-4e86-ae34-92022aeb59d1,"2731 Twijnstraat, Enter, Overijssel, Netherlands",esther.elemans@example.com,Esther,female,Elemans,(089) 7535685,https://randomuser.me/api/portraits/med/women/11.jpg,2610 VQ,2011-12-01T16:05:24.377Z,ticklishdog944
12b6acd0-4515-402f-b155-16f8d0b86a96,"7135 Paseo de Extremadura, Alicante, Castilla y León, Spain",paula.roman@example.com,Paula,female,Román,967-834-829,https://randomuser.me/api/portraits/med/women/70.jpg,23538,2012-04-23T21:05:21.709Z,silverkoala508
ec57958e-927a-4e2f-bda6-4f6adf367cdb,"7258 Nyborgvej, Øster Assels, Danmark, Denmark",asta.moller@example.com,Asta,female,Møller,49546172,https://randomuser.me/api/portraits/med/women/45.jpg,68312,2003-04-04T16:57:46.592Z,beautifulfrog425
d5b2e8ab-6ce1-4d0b-8f53-909664f5e57c,"4046 Rue Principale, Sorens, Neuchâtel, Switzerland",vincenza.lopez@example.com,Vincenza,female,Lopez,075 258 53 45,https://randomuser.me/api/portraits/med/women/71.jpg,5376,2016-10-16T00:53:52.998Z,blackmeercat610
d0c1ce37-97b2-4ece-b43e-4d223fa00435,"535 Fairview St, Perth, Northern Territory, Australia",eli.carlson@example.com,Eli,male,Carlson,04-9982-9649,https://randomuser.me/api/portraits/med/men/20.jpg,2499,2008-02-03T11:50:24.789Z,bluemouse213
3f937fb9-f636-474f-bb3e-3aa90d1ce2c0,"986 Place de L'Église, Matran, Genève, Switzerland",richard.lecomte@example.com,Richard,male,Lecomte,078 711 42 85,https://randomuser.me/api/portraits/med/men/9.jpg,3789,2004-10-01T13:26:33.446Z,silverswan557
62b002b8-783f-4de5-88f2-b5d71fffd17d,"291 Prolongación Libia, Chilcuautla, Chiapas, Mexico",mariaelena.rojo@example.com,María Elena,female,Rojo,(691) 578 1980,https://randomuser.me/api/portraits/med/women/30.jpg,27434,2013-03-09T10:55:45.681Z,bluetiger441
e2ed2831-837c-4e9b-8df1-f56a2882c455,"2186 Calle del Pez, Ciudad Real, Cantabria, Spain",laura.flores@example.com,Laura,female,Flores,941-248-102,https://randomuser.me/api/portraits/med/women/44.jpg,25370,2020-06-03T12:21:10.233Z,greenelephant341
a6bb1cfb-979f-4335-a437-a9e9d14570d1,"7251 Pakuranga Road, Porirua, Bay of Plenty, New Zealand",theodore.king@example.com,Theodore,male,King,(936)-934-0697,https://randomuser.me/api/portraits/med/men/43.jpg,13182,2013-10-28T09:09:51.819Z,greenostrich189
2e78def9-d299-4623-9773-9e3b197a0acc,"5022 Alexander Road, Limerick, Limerick, Ireland",isabelle.wood@example.com,Isabelle,female,Wood,051-228-7069,https://randomuser.me/api/portraits/med/women/31.jpg,47782,2012-11-12T10:49:20.745Z,happyzebra751
afb1c9b2-f300-4ba5-9338-d954f0c09af0,"8916 NAD X Rd, Ozhukarai, Tamil Nadu, India",apoorva.fernandes@example.com,Apoorva,female,Fernandes,7265274408,https://randomuser.me/api/portraits/med/women/4.jpg,55356,2014-08-17T02:58:48.180Z,beautifulladybug504
a099650c-37cc-4545-b8ca-4d82c6f8464b,"5433 Green Rd, Utica, Delaware, United States",beverly.nelson@example.com,Beverly,female,Nelson,(525) 265-5585,https://randomuser.me/api/portraits/med/women/74.jpg,94836,2004-02-04T04:39:23.080Z,redmeercat357
e2ba8d45-afae-4b44-99fa-5bf15696295a,"6010 Esplanadi, Kokkola, Southern Ostrobothnia, Finland",luukas.niemela@example.com,Luukas,male,Niemela,04-301-751,https://randomuser.me/api/portraits/med/men/49.jpg,82421,2006-02-01T12:01:47.149Z,orangelion527
9fe6bade-cb49-477f-bbcc-75876398c688,"9655 Sofije Jovanović, Zvečan, Pomoravlje, Serbia",david.sakic@example.com,David,male,Sakić,020-8657-567,https://randomuser.me/api/portraits/med/men/71.jpg,31332,2008-07-14T08:54:50.453Z,organicpanda860
6f529858-7c61-4efe-acf8-3802b5b5fc67,"5609 Montée du Chemin-Neuf, Dörflingen, Appenzell Ausserrhoden, Switzerland",elmar.roux@example.com,Elmar,male,Roux,075 320 85 24,https://randomuser.me/api/portraits/med/men/3.jpg,4642,2015-11-05T08:57:40.416Z,lazygorilla503
44197d78-1c1c-4600-8e75-5b42d2ad6459,"5545 Lozička, Kruševac, Central Banat, Serbia",katalina.perisic@example.com,Katalina,female,Perišić,020-9649-071,https://randomuser.me/api/portraits/med/women/56.jpg,85503,2012-12-15T17:36:57.820Z,crazygoose832
9cda4683-74c7-4d0e-a299-babe09e1ff58,"8163 آذربایجان, همدان, کرمان, Iran",mhrd.jaafry@example.com,مهراد,male,جعفری,067-08838814,https://randomuser.me/api/portraits/med/men/95.jpg,25017,2005-03-16T10:41:07.571Z,orangerabbit598
99063907-d4d5-42c5-ae13-b645fa34021e,"4427 Spring St, Warrnambool, Northern Territory, Australia",adrian.stanley@example.com,Adrian,male,Stanley,05-0766-6915,https://randomuser.me/api/portraits/med/men/65.jpg,8742,2003-02-17T08:00:48.042Z,bluefish561
a3693b15-3446-41e3-987b-5c1aee417266,"6668 Langes gate, Kvalsund, Vest-Agder, Norway",emilian.kallevik@example.com,Emilian,male,Kallevik,30635946,https://randomuser.me/api/portraits/med/men/45.jpg,6190,2004-02-15T12:53:27.538Z,blackmouse872
f9290aee-2bbd-4f12-b693-591a6e551ddc,"4676 Calle Zimbabwe, El Rosario, Zacatecas, Mexico",ivan.luevano@example.com,Iván,male,Luevano,(663) 518 5756,https://randomuser.me/api/portraits/med/men/13.jpg,66204,2005-12-13T13:35:00.046Z,happycat144
a45bc8ed-d831-42d9-97cc-dd3157628730,"7963 Rue de la Charité, Aulnay-sous-Bois, Jura, France",julian.henry@example.com,Julian,male,Henry,01-23-91-36-56,https://randomuser.me/api/portraits/med/men/11.jpg,26644,2013-07-24T04:14:24.443Z,purplebear679
6e640da9-cce6-4b26-8ef9-113d51434aa6,"8152 Visiokatu, Marttila, Tavastia Proper, Finland",eelis.pesola@example.com,Eelis,male,Pesola,08-820-968,https://randomuser.me/api/portraits/med/men/26.jpg,31286,2005-11-24T12:15:30.187Z,heavyladybug566
dea14f0b-b8fc-4753-b882-945bd527cb09,"8580 Olaf Schous vei, Tveteneåsen, Vest-Agder, Norway",hauk.hunstad@example.com,Hauk,male,Hunstad,53091591,https://randomuser.me/api/portraits/med/men/16.jpg,0381,2011-02-13T11:19:03.578Z,tinygorilla602
771e1a55-95a5-4c4d-97f0-e4b73699f29a,"1290 آزادی, ساری, اصفهان, Iran",mhmdmhdy.kmyrn@example.com,محمدمهدی,male,كامياران,064-40633982,https://randomuser.me/api/portraits/med/men/55.jpg,62211,2019-09-10T05:38:43.312Z,orangetiger827
c38185ae-44cf-4719-98d2-6b3e884d6139,"8856 Adams St, Bathurst, Tasmania, Australia",miguel.bishop@example.com,Miguel,male,Bishop,09-5703-3489,https://randomuser.me/api/portraits/med/men/28.jpg,4320,2016-11-29T21:58:10.386Z,lazyduck133
5c4e6e30-a122-4e9e-9f1b-bb86fc8b4dcb,"4996 Calle de Toledo, Palma de Mallorca, Cataluña, Spain",mohamed.saez@example.com,Mohamed,male,Sáez,990-291-809,https://randomuser.me/api/portraits/med/men/43.jpg,73315,2013-11-08T14:10:10.662Z,yellowmouse118
038e1772-6042-44da-876a-bde60eb7aace,"9600 Paddock Way, Devonport, Tasmania, Australia",maxine.thompson@example.com,Maxine,female,Thompson,01-1620-2981,https://randomuser.me/api/portraits/med/women/58.jpg,2435,2016-12-26T20:37:51.726Z,brownfrog950
587c7519-8ccd-44fc-a18e-b950fb82e5fe,"1302 Frueløkke, Ugerløse, Sjælland, Denmark",tilde.johansen@example.com,Tilde,female,Johansen,22812411,https://randomuser.me/api/portraits/med/women/70.jpg,94155,2011-10-24T15:55:38.374Z,redgoose105
651e0653-3782-4c02-88cd-8c0d61c00fb2,"2691 Manor Road, Ratoath, Louth, Ireland",jenny.moore@example.com,Jenny,female,Moore,021-157-3343,https://randomuser.me/api/portraits/med/women/75.jpg,33873,2015-08-15T00:46:17.820Z,silverrabbit629
7c5fb249-506d-4804-81ce-7fa8eb85f62f,"528 Marktplatz, Leonberg, Hessen, Germany",adina.raab@example.com,Adina,female,Raab,0663-9171825,https://randomuser.me/api/portraits/med/women/37.jpg,20220,2009-07-10T04:35:07.078Z,happyzebra244
67fbc876-549a-475e-ae7b-9aa7269c0646,"5668 Pyynikintie, Saarijärvi, North Karelia, Finland",pihla.keranen@example.com,Pihla,female,Keranen,02-266-310,https://randomuser.me/api/portraits/med/women/40.jpg,92031,2021-01-17T06:09:50.154Z,blackmouse712
2b4b3812-f1f5-4462-9509-1ae2ccd5fb1b,"522 Continuación Zamora, Punta Banda, Aguascalientes, Mexico",lorenzo.garza@example.com,Lorenzo,male,Garza,(659) 589 4982,https://randomuser.me/api/portraits/med/men/88.jpg,89705,2015-03-03T22:38:53.402Z,angrypanda307
bddf8adf-2bbe-401b-aa7d-f7845996ebc3,"9768 Calle de Ángel García, Madrid, País Vasco, Spain",benito.herrera@example.com,Benito,male,Herrera,931-422-232,https://randomuser.me/api/portraits/med/men/47.jpg,80038,2010-02-04T17:03:19.785Z,angryduck149
e4761e00-3d5e-4acf-a7b9-aea9a8886a06,"2501 Elgin St, South River, Yukon, Canada",madison.tremblay@example.com,Madison,female,Tremblay,Z96 J30-7383,https://randomuser.me/api/portraits/med/women/43.jpg,E8L 8D8,2021-06-11T04:27:25.183Z,orangelion953
abaf1f4e-dfcb-4947-8d5e-16c4f3a997b7,"6193 Avenue de la République, Zeiningen, Luzern, Switzerland",theo.picard@example.com,Theo,male,Picard,075 660 29 78,https://randomuser.me/api/portraits/med/men/63.jpg,9492,2007-09-06T16:39:30.028Z,bigmeercat861
1a7799f0-52be-4117-828d-a994a47b3fd8,"216 Dalhousie Ave, New Glasgow, New Brunswick, Canada",marilou.miller@example.com,Marilou,female,Miller,U14 H59-7348,https://randomuser.me/api/portraits/med/women/33.jpg,A2L 8K8,2006-07-01T15:59:46.968Z,organicswan554
2cb03871-3427-4f09-9fbd-10fc4629b908,"9768 Avenida de Andalucía, Pamplona, País Vasco, Spain",sonia.cortes@example.com,Sonia,female,Cortes,906-111-537,https://randomuser.me/api/portraits/med/women/93.jpg,40305,2005-12-13T15:30:56.619Z,sadleopard638
6e90747b-f154-47f9-b269-f7434c60c842,"964 West Street, Tullow, Dún Laoghaire–Rathdown, Ireland",kevin.dean@example.com,Kevin,male,Dean,031-067-7564,https://randomuser.me/api/portraits/med/men/37.jpg,31307,2020-01-12T13:39:27.322Z,sadfish406
13e417d0-f3d9-44f9-93ac-96b0c7d4ca0a,"1276 Anafartalar Cd, Kocaeli, Kahramanmaraş, Turkey",mehmet.sayginer@example.com,Mehmet,male,Saygıner,(283)-120-5087,https://randomuser.me/api/portraits/med/men/3.jpg,38102,2003-06-30T07:09:13.514Z,whitegorilla889
025828f2-cf68-48ec-a562-9b3518be38b9,"3320 Rue de L'Abbé-Gillet, Boulogne-Billancourt, Territoire De Belfort, France",nina.renaud@example.com,Nina,female,Renaud,04-40-65-27-58,https://randomuser.me/api/portraits/med/women/92.jpg,75106,2007-09-26T19:25:10.800Z,purplesnake865
d7ac5237-17d1-4887-b220-75247b42ea76,"6584 9th St, Lumsden, Newfoundland and Labrador, Canada",dominic.roy@example.com,Dominic,male,Roy,F11 L84-0366,https://randomuser.me/api/portraits/med/men/24.jpg,E1E 2T0,2015-04-05T17:11:43.622Z,smallfrog491
a9303b66-6721-49f9-9cce-44ba815ab22f,"859 Viaducto Norte Gamboa, Santo Domingo Petapa, Estado de Mexico, Mexico",mariaeugenia.solorzano@example.com,María Eugenia,female,Solorzano,(655) 040 4315,https://randomuser.me/api/portraits/med/women/81.jpg,59735,2015-01-19T11:14:22.538Z,angryladybug147
83cc2bb0-1372-4cc9-8410-fb0f93211c13,"3730 Drenoglavska, Gornji Milanovac, Pčinja, Serbia",neven.drljaca@example.com,Neven,male,Drljača,024-7645-491,https://randomuser.me/api/portraits/med/men/96.jpg,52534,2007-10-25T17:19:40.422Z,silversnake646
def18fb3-d6b5-4369-90a6-8445336cc899,"4861 Bolscherdwarsweg, Leende, Zeeland, Netherlands",allison.dubbeld@example.com,Allison,female,Dubbeld,(0986) 370227,https://randomuser.me/api/portraits/med/women/13.jpg,1006 IE,2015-09-30T12:48:12.794Z,orangegorilla975
ea08d1c6-5261-4729-bc89-a235f2402b44,"8469 Callejón Sur Naranjo, Villa Avila Camacho (La Ceiba), Zacatecas, Mexico",maximino.soto@example.com,Maximino,male,Soto,(683) 796 7073,https://randomuser.me/api/portraits/med/men/57.jpg,27760,2007-03-26T05:46:58.841Z,redmouse359
fc751678-779e-443b-87fe-1f25cd200e7e,"3960 Frances Ct, Albury, Queensland, Australia",hazel.carter@example.com,Hazel,female,Carter,05-4655-3790,https://randomuser.me/api/portraits/med/women/11.jpg,2884,2019-03-16T22:40:07.270Z,whiteostrich673
c24bbe08-b58f-416a-bc20-8d7fe4020acb,"3360 Shady Ln Dr, Ballarat, Northern Territory, Australia",albert.myers@example.com,Albert,male,Myers,06-7971-8688,https://randomuser.me/api/portraits/med/men/11.jpg,3538,2016-12-03T14:25:24.437Z,goldenzebra566
425d5125-f192-4d96-ab32-caae34690b6f,"4791 Rue de la Barre, Tourcoing, Martinique, France",mathys.garcia@example.com,Mathys,male,Garcia,05-99-97-67-46,https://randomuser.me/api/portraits/med/men/94.jpg,68519,2009-04-24T23:05:10.490Z,heavyfrog523
63765477-45b8-413f-baed-0cca0c6cb3f1,"4301 Kasba Peth, Sirsa, Karnataka, India",malathy.kamath@example.com,Malathy,female,Kamath,9597350570,https://randomuser.me/api/portraits/med/women/60.jpg,98933,2018-07-04T22:15:50.411Z,redelephant755
6ba8098e-277c-497f-8cf5-550134079651,"4639 Ullveien, Hardbakke, Bergen, Norway",muhammad.bu@example.com,Muhammad,male,Bu,25285640,https://randomuser.me/api/portraits/med/men/51.jpg,4084,2013-04-08T12:14:16.039Z,angrymouse338
ca1599e1-40c4-4c85-91f7-825ada0e019d,"8 فاطمی, سبزوار, مازندران, Iran",aaly.mhmdkhn@example.com,علی,male,محمدخان,070-95234366,https://randomuser.me/api/portraits/med/men/94.jpg,76985,2007-07-18T13:56:51.623Z,redfish953
541cbec9-27fa-4266-9746-ef63dabf6496,"1832 Thornridge Cir, Australian Capital Territory, Queensland, Australia",crystal.wright@example.com,Crystal,female,Wright,00-0660-9602,https://randomuser.me/api/portraits/med/women/7.jpg,2201,2017-07-25T14:35:07.980Z,tinybird825
b345f9ca-4589-43f6-9898-6831943c49c3,"8857 Rua São Sebastiao , Ubá, Distrito Federal, Brazil",infante.silva@example.com,Infante,male,Silva,(26) 4630-1130,https://randomuser.me/api/portraits/med/men/90.jpg,30033,2006-03-21T19:06:12.558Z,angryfrog669
1e1e5be6-40f0-45ea-aae5-f55541d815f9,"1655 Sao Tome Old Quarter, Bardhaman, Tamil Nadu, India",shraddha.bhat@example.com,Shraddha,female,Bhat,8221607500,https://randomuser.me/api/portraits/med/women/13.jpg,98015,2010-03-29T15:39:34.778Z,heavyleopard261
44392233-a8b7-4a30-b981-fb4eb418067d,"8503 Atatürk Sk, Kastamonu, Uşak, Turkey",sedef.dusenkalkar@example.com,Sedef,female,Düşenkalkar,(465)-461-8306,https://randomuser.me/api/portraits/med/women/51.jpg,96382,2020-01-26T07:14:29.910Z,reddog687
ba878940-dd3f-4994-ba75-f480abbc3ad9,"1058 Lyudkevicha, Zbarazh, Sumska, Ukraine",libid.rimarenko@example.com,Libid,female,Rimarenko,(096) G29-6480,https://randomuser.me/api/portraits/med/women/34.jpg,46391,2009-10-10T17:09:16.755Z,bigleopard964
69eb75ca-f67a-4dbe-bbab-70379b215652,"7103 تقوی, سنندج, سمنان, Iran",rh.khmrw@example.com,رها,female,کامروا,096-48561437,https://randomuser.me/api/portraits/med/women/70.jpg,43743,2007-02-27T22:38:05.012Z,brownpanda472
888416e0-c10c-42ba-92b3-1c19754dc294,"2695 Rue Dumenge, Rennes, Var, France",celia.gonzalez@example.com,Célia,female,Gonzalez,01-70-80-47-16,https://randomuser.me/api/portraits/med/women/76.jpg,70541,2018-10-21T10:04:57.958Z,yellowzebra543
7df65237-bbed-4749-845d-106c36b22429,"433 امام خمینی, شیراز, بوشهر, Iran",hsn.sdr@example.com,احسان,male,صدر,090-74183492,https://randomuser.me/api/portraits/med/men/8.jpg,90885,2013-07-26T14:47:22.377Z,bigelephant888
afdb47d0-f7df-4f56-9a63-4b76d20dc5d2,"3675 Mevlana Cd, Karaman, Aksaray, Turkey",ali.egeli@example.com,Ali,male,Egeli,(717)-833-1320,https://randomuser.me/api/portraits/med/men/89.jpg,97492,2006-11-04T12:37:18.839Z,blackelephant111
fbbe6da4-e94d-4f50-85f3-93d0ed81b30c,"853 Calle Nebrija, La Coruña, Cantabria, Spain",mar.hidalgo@example.com,Mar,female,Hidalgo,978-754-887,https://randomuser.me/api/portraits/med/women/41.jpg,39108,2007-10-02T15:23:54.390Z,yellowpeacock282
7e44c745-de9a-461e-9434-fb072f8efa13,"5724 Tay Street, Whangarei, Canterbury, New Zealand",aurora.hall@example.com,Aurora,female,Hall,(949)-397-1624,https://randomuser.me/api/portraits/med/women/32.jpg,89589,2020-11-24T17:35:13.787Z,ticklishzebra870
c367d4d0-8c70-43e1-b1ed-f15d8d3ea442,"4651 Birkenweg, Bad Hönningen, Niedersachsen, Germany",enno.peschel@example.com,Enno,male,Peschel,0832-2977039,https://randomuser.me/api/portraits/med/men/48.jpg,49853,2014-10-12T11:00:58.020Z,beautifulbird442
950e5beb-7207-4654-b529-47037b9e49e4,"4189 Rotuaari, Suonenjoki, Kymenlaakso, Finland",luukas.salmi@example.com,Luukas,male,Salmi,06-779-273,https://randomuser.me/api/portraits/med/men/33.jpg,42345,2007-02-25T03:49:47.998Z,silverelephant476
01373b19-e478-4376-aa6a-809220789013,"2203 Necatibey Cd, Adıyaman, Van, Turkey",afsar.nebioglu@example.com,Afşar,female,Nebioğlu,(504)-061-4421,https://randomuser.me/api/portraits/med/women/18.jpg,99769,2006-03-09T22:34:43.377Z,blackgorilla691
7f14309d-6200-4674-b018-8b50d9ec0b4f,"5191 Rue Denfert-Rochereau, Herzogenbuchsee, Schwyz, Switzerland",emile.roux@example.com,Émile,male,Roux,076 830 60 62,https://randomuser.me/api/portraits/med/men/16.jpg,2106,2017-06-13T14:40:29.495Z,crazyelephant689
ca9f8c2e-f3a4-4f48-8910-20d6acd5bc69,"613 Lindbäckveien, Kinsarvik, Finnmark - Finnmárku, Norway",millian.hogset@example.com,Millian,male,Høgset,33650635,https://randomuser.me/api/portraits/med/men/1.jpg,0608,2013-10-17T22:54:32.486Z,brownbear986
a20de7ec-d113-4901-b3eb-2a09cf15c348,"6816 Bart van der Leckplantsoen, Erica, Flevoland, Netherlands",jinke.lin@example.com,Jinke,female,Lin,(0747) 558289,https://randomuser.me/api/portraits/med/women/7.jpg,1716 UH,2015-11-23T08:29:46.189Z,bluebear770
dc699d4a-8323-4f29-a41b-61776ae2d916,"7037 Calle del Pez, La Coruña, Melilla, Spain",joan.cortes@example.com,Joan,male,Cortes,982-048-156,https://randomuser.me/api/portraits/med/men/31.jpg,19513,2013-04-06T01:29:47.487Z,whitepeacock839
62437b93-2377-4409-8094-3fa017acadb6,"3685 Mirza Ghalib St, Dhanbad, Nagaland, India",rushali.dawangave@example.com,Rushali,female,Dawangave,9647518746,https://randomuser.me/api/portraits/med/women/53.jpg,51017,2003-09-08T22:08:32.292Z,bigdog659
b4cb313a-ed34-4cc1-98a6-d172b9080125,"3031 Poplar Dr, Sacramento, Louisiana, United States",craig.fox@example.com,Craig,male,Fox,(900) 649-1705,https://randomuser.me/api/portraits/med/men/36.jpg,65840,2011-08-22T06:37:18.240Z,bigwolf768
a061108e-54f7-49e8-9628-db4691f0d587,"2457 Station Road, Lichfield, Tyne and Wear, United Kingdom",tracy.burns@example.com,Tracy,female,Burns,013873 02764,https://randomuser.me/api/portraits/med/women/29.jpg,J5D 8TJ,2009-08-16T14:04:50.868Z,bluelion483
6a9d938d-fe72-4946-8705-cebb0f2d9a79,"703 Place du 8 Novembre 1942, Orléans, Tarn, France",tom.roger@example.com,Tom,male,Roger,02-48-52-89-95,https://randomuser.me/api/portraits/med/men/19.jpg,46103,2014-02-15T07:47:49.891Z,lazymouse294
523e9d99-deb9-4c63-af55-5aa59f741cc8,"1745 میدان 7 تیر, نیشابور, کردستان, Iran",mhdys.aalyzdh@example.com,مهدیس,female,علیزاده,070-68724928,https://randomuser.me/api/portraits/med/women/94.jpg,15685,2009-11-22T20:54:47.861Z,angryleopard415
93754e77-85b4-40c6-8f6e-766a94e9ae40,"2904 Rue des Chartreux, Nîmes, Bas-Rhin, France",thiago.noel@example.com,Thiago,male,Noel,02-97-52-40-30,https://randomuser.me/api/portraits/med/men/80.jpg,44020,2009-11-22T05:11:39.631Z,heavytiger269
153ca3af-f81f-417c-a8dd-51ba8c01fd61,"760 Jutulveien, Skjold, Troms - Romsa, Norway",alexander.sjavik@example.com,Alexander,male,Sjåvik,85939625,https://randomuser.me/api/portraits/med/men/61.jpg,4554,2007-09-17T13:56:25.852Z,purplezebra443
b1056200-ac99-4aa4-a867-2b3c566df361,"5150 Avenida del Planetario, Pozuelo de Alarcón, Extremadura, Spain",john.gil@example.com,John,male,Gil,922-797-320,https://randomuser.me/api/portraits/med/men/97.jpg,62363,2012-10-05T00:54:28.434Z,bluefish894
d2024725-cbd2-4123-abff-9093d5536f41,"8624 Rue de la Gare, Nantes, Orne, France",marine.bertrand@example.com,Marine,female,Bertrand,01-60-42-90-71,https://randomuser.me/api/portraits/med/women/84.jpg,56553,2005-12-20T19:15:22.670Z,brownpeacock473
d9d94d09-f2e9-444f-991c-1fd6f19ac45e,"5711 Mozartstraße, Osthofen, Mecklenburg-Vorpommern, Germany",maurizio.sack@example.com,Maurizio,male,Sack,0662-3233135,https://randomuser.me/api/portraits/med/men/61.jpg,62283,2009-02-20T18:57:49.032Z,yellowdog184
d21def36-7401-4b54-a5b6-dbf4a813d6aa,"5005 Timber Wolf Trail, Sterling Heights, Iowa, United States",norman.wallace@example.com,Norman,male,Wallace,(401) 789-4631,https://randomuser.me/api/portraits/med/men/1.jpg,28913,2007-12-21T07:41:52.494Z,smallgorilla973
a7482840-eeab-4bd7-9759-379ed9bd7c8d,"4166 Avenida Vinícius de Morais, São Mateus, Acre, Brazil",catrina.barbosa@example.com,Catrina,female,Barbosa,(15) 0766-8505,https://randomuser.me/api/portraits/med/women/90.jpg,21653,2002-11-17T08:58:28.161Z,whiteduck864
dcb9fb68-b0e3-4ae8-87c1-6d9a929197ac,"4749 Avenida da Democracia, Pouso Alegre, Mato Grosso do Sul, Brazil",sina.almeida@example.com,Sina,female,Almeida,(82) 2757-5831,https://randomuser.me/api/portraits/med/women/66.jpg,65696,2014-07-25T10:05:11.575Z,redduck622
05c4e710-13c3-4267-a358-40b1c76479c3,"3145 Visiokatu, Hämeenkoski, Kainuu, Finland",matilda.marttila@example.com,Matilda,female,Marttila,03-059-407,https://randomuser.me/api/portraits/med/women/83.jpg,27089,2017-09-21T06:41:20.317Z,sadpeacock601
6508e1b5-d3a8-42ff-ad1f-b7c6d1abdc8d,"908 Dublin Road, Carrigaline, Dublin City, Ireland",claire.hayes@example.com,Claire,female,Hayes,031-503-7755,https://randomuser.me/api/portraits/med/women/14.jpg,78102,2009-01-17T17:12:03.699Z,organicwolf839
ff6e9fee-68a1-40ab-bce8-14ac7f8b699f,"5690 Visiokatu, Tammela, Uusimaa, Finland",jimi.suomi@example.com,Jimi,male,Suomi,02-386-663,https://randomuser.me/api/portraits/med/men/20.jpg,24676,2007-04-16T01:52:12.931Z,lazyleopard109
0a5288d6-ad33-4254-a80f-9a7575719436,"3578 Rue de L'Abbé-Groult, Caen, La Réunion, France",sophie.morin@example.com,Sophie,female,Morin,03-61-87-30-77,https://randomuser.me/api/portraits/med/women/81.jpg,38017,2011-04-16T12:16:36.640Z,lazymeercat743
07aabbcd-b85e-488b-b7e3-f90f10971f6d,"8658 Heideweg, Achim, Baden-Württemberg, Germany",gertraude.bender@example.com,Gertraude,female,Bender,0350-6423439,https://randomuser.me/api/portraits/med/women/2.jpg,80287,2021-07-12T01:24:30.817Z,happyzebra205
5ff33b72-dfd2-484f-afd3-c44bd3f635e5,"3665 Disputed Rd, Glenwood, New Brunswick, Canada",theo.roy@example.com,Theo,male,Roy,K73 A11-3828,https://randomuser.me/api/portraits/med/men/64.jpg,C5I 1J5,2016-01-27T15:21:24.158Z,greenlion854
b38e0841-d440-4d3a-8bea-ab0053f437c0,"7292 Rue de L'Abbé-Soulange-Bodin, Wangen bei Olten, St. Gallen, Switzerland",fabienne.dufour@example.com,Fabienne,female,Dufour,077 722 56 19,https://randomuser.me/api/portraits/med/women/77.jpg,9294,2005-02-17T09:21:39.413Z,greenladybug159
41343e0a-17bc-4776-aac1-a9f930ec3723,"3681 Sabanieyiv Mist, Tulchin, Volinska, Ukraine",pervushko.vashchenko-zaharchenko@example.com,Pervushko,male,Vashchenko-Zaharchenko,(096) D46-3698,https://randomuser.me/api/portraits/med/men/97.jpg,73152,2019-09-12T07:55:50.150Z,purpleelephant472
8a4c54ac-7af1-4a88-9a4a-feb96849a195,"7896 Fredrikinkatu, Pirkkala, Ostrobothnia, Finland",sara.ruona@example.com,Sara,female,Ruona,03-476-818,https://randomuser.me/api/portraits/med/women/63.jpg,13369,2006-09-06T04:55:30.280Z,beautifulwolf878
3c5f97ee-c41d-4e74-9709-4e553c81bf46,"3314 Ðorđa Stojkovića, Sečanj, Pomoravlje, Serbia",vitomir.vlahovic@example.com,Vitomir,male,Vlahović,016-2913-956,https://randomuser.me/api/portraits/med/men/99.jpg,28097,2010-10-05T02:40:42.004Z,orangefish329
4e6c8147-f027-4f42-9794-5c28dd5428c3,"970 Retorno Chihuahua, San Miguel Ixtapan, Colima, Mexico",federico.benavides@example.com,Federico,male,Benavides,(643) 652 5918,https://randomuser.me/api/portraits/med/men/7.jpg,10646,2004-10-28T06:49:55.333Z,angrylion967
cda3cc22-3691-402d-aa01-4fbcded7a635,"2063 Fredensgade, Snertinge, Danmark, Denmark",oscar.rasmussen@example.com,Oscar,male,Rasmussen,67808904,https://randomuser.me/api/portraits/med/men/24.jpg,11419,2014-12-23T08:50:45.956Z,ticklishgorilla682
4ef01284-1c09-4a22-b49a-eb0996f0248f,"8924 Mill Lane, Ely, Surrey, United Kingdom",mark.dean@example.com,Mark,male,Dean,028 0858 2649,https://randomuser.me/api/portraits/med/men/15.jpg,RH4F 2UX,2015-02-13T10:31:54.602Z,goldenladybug730
aa82f562-ba1c-4c59-ae16-2096ffc68d34,"832 Rua Das Flores , Boa Vista, Tocantins, Brazil",ermiterio.souza@example.com,Ermitério,male,Souza,(33) 8675-2707,https://randomuser.me/api/portraits/med/men/30.jpg,59397,2002-08-01T01:42:50.893Z,greendog877
d873d9a0-df9d-457a-b4ef-88da41cc75f7,"8905 Østrupvej, Tisvilde, Danmark, Denmark",josefine.poulsen@example.com,Josefine,female,Poulsen,09103343,https://randomuser.me/api/portraits/med/women/0.jpg,13662,2015-11-01T16:55:29.892Z,bigfish928
805f394d-cc38-4267-a20b-d8eb8b5fce3a,"661 Country Club Rd, Flint, Wyoming, United States",florence.martinez@example.com,Florence,female,Martinez,(569) 599-8141,https://randomuser.me/api/portraits/med/women/69.jpg,85452,2016-10-01T08:40:26.591Z,bluewolf187
306f77cb-79a6-4547-b7b6-34d5063183cd,"4390 Circunvalación Morelos, San Simon Yehualtepec, Estado de Mexico, Mexico",ivan.carvajal@example.com,Iván,male,Carvajal,(616) 659 6887,https://randomuser.me/api/portraits/med/men/74.jpg,25235,2007-10-31T07:40:35.823Z,purplerabbit553
1bc86d23-654b-4eb6-8269-0d66e76dc17e,"28 Pilestien, Sundby/Erslev, Hovedstaden, Denmark",andrea.madsen@example.com,Andrea,female,Madsen,90273336,https://randomuser.me/api/portraits/med/women/86.jpg,85649,2018-04-03T16:17:55.523Z,goldenswan140
7a82371c-34c2-467a-a6fe-92a8b4fbe354,"1513 E Center St, Baltimore, Vermont, United States",jo.ray@example.com,Jo,female,Ray,(386) 253-8647,https://randomuser.me/api/portraits/med/women/74.jpg,21239,2007-06-26T00:13:22.138Z,lazygoose481
5d69a94c-7deb-45c7-9105-b3eaf892474f,"1161 School Lane, Worcester, Mid Glamorgan, United Kingdom",hanna.fernandez@example.com,Hanna,female,Fernandez,01848 242295,https://randomuser.me/api/portraits/med/women/22.jpg,S2E 7ET,2002-06-14T03:45:40.864Z,purplesnake583
d9087398-8dd7-483e-850f-174de907ecae,"8720 Bergstraße, Heinsberg, Baden-Württemberg, Germany",marjan.hinrichsen@example.com,Marjan,female,Hinrichsen,0877-3801807,https://randomuser.me/api/portraits/med/women/72.jpg,90412,2007-08-28T07:11:47.839Z,smallladybug974
494fb3f9-dac1-440b-81c1-82d33ad2eda2,"956 George St, Chipman, British Columbia, Canada",delphine.claire@example.com,Delphine,female,Claire,I89 D95-9166,https://randomuser.me/api/portraits/med/women/22.jpg,W1O 3L4,2013-10-06T13:52:05.182Z,purpleladybug101
19c6a3f0-49c2-426a-84e2-a481634326e1,"1401 Necatibey Cd, Siirt, Ankara, Turkey",kubra.oztonga@example.com,Kübra,female,Öztonga,(770)-778-6888,https://randomuser.me/api/portraits/med/women/28.jpg,15633,2004-10-20T04:35:00.105Z,goldentiger419
0a98b39e-ae9e-468a-ae7c-b53d7ad0394f,"7696 Janka Šafarika , Babušnica, South Bačka, Serbia",julija.nikolic@example.com,Julija,female,Nikolić,019-6835-466,https://randomuser.me/api/portraits/med/women/70.jpg,85379,2010-02-27T06:41:16.339Z,sadgorilla684
